query_id,transmission_efficiency
6253,0.8674993189473121
4685,0.8199621484657236
1732,6.9920534228239015
4743,70.91654792440728
4522,1.129322106163393
6341,8.579122391873213
577,0.5250512161371531
5203,1.1594584204784826
6364,3.683650398101979
440,10.101751659130715
2751,8.454741454809344
7488,0.4888723017692021
5273,1.062322196723056
5654,4.51146044429869
4000,1.5812533440564385
6034,5.995959204601197
583,9.412848984559599
9931,14.094835461745406
7052,0.9359480544975334
8159,6.697535213018884
9897,16.263510336532235
2250,3.872419806445793
4641,2.9996890855564504
9486,5.968788889253428
4948,0.9746442576186173
9921,0.5321026059896498
1964,8.56875472604504
8244,12.50099883995897
6591,12.280636192249192
8848,7.023565070881496
322,0.3916564656533481
2679,3.5451130948230127
4626,10.858873041847573
4950,16.38052363354866
8329,2.510054718617974
3338,18.836358280927513
5590,0.2551516345723883
252,0.9683095181193861
3974,3.158171712718387
6631,0.4906700926882212
5548,6.009406872392736
36,13.913988289577722
8363,4.971812996706271
1514,3.538752219465672
9318,1.0607221909939335
40,9.017617541238726
4820,6.803903064122064
3466,3.51865101889203
1761,1.007014529694821
2305,0.41447424601532373
3724,2.5757554559168017
8285,0.6112863238637837
4994,4.050829197805492
8128,3.279575562707202
3033,19.008666379434196
7939,11.432078028624645
3040,12.485524286201892
9656,14.499707365844161
2546,0.953604166451692
2593,0.41275947467630986
1189,27.541481803732836
7967,17.66126350312013
6078,8.879062159593845
108,14.607575691989043
1316,17.095860735835814
8188,0.8608920404453161
2754,0.7845066596433371
9754,0.984548459212031
6232,0.7858307326128152
2877,0.41868725844231874
5324,1.077539552702629
800,16.458581628501236
3571,0.9374843816209376
2895,14.759174590348845
2928,3.653326381516879
8179,1.0562541734864117
972,1.1031671497683257
6688,65.06066566721306
8576,0.3623077589900168
2021,0.5704573251415205
9055,1.11328951235066
953,9.233687368534389
5360,7.325784988288726
3858,1.1754707460412201
5862,0.8264045430188328
3146,6.7910253992686
3306,1.3571472684993773
3007,28.647090049586346
9002,2.0924362351582415
7771,2.450805691464022
7439,0.761663143757055
7943,9.76626538227054
9239,1.5592685378509454
1057,1.8179340636455985
3155,4.376557670400181
3788,2.15399597442696
9190,13.817877081971853
7826,15.922779834449448
7540,0.4715982121840281
7232,4.902631105719586
765,1.3632695706097828
5020,4.4466155200637125
4904,2.360913076998021
8094,0.6712798163939394
6844,7.303208094516394
2166,0.5742834568632106
1863,10.78701437996506
7851,1.3590531595634294
9124,1.7999480428536372
2341,6.460464951747632
5528,1.1263943345793974
6744,10.350049186706023
4004,9.063012806378557
1124,1.499544046023881
8710,0.40359310325100894
4050,3.5565239989732147
7641,16.657726690436334
766,2.289010967746766
2345,13.521130456497993
4072,1.8049740154114537
7217,2.1066009092940874
4217,2.046569384525416
7953,0.8463877703643756
5971,9.962134406921404
3351,6.696913891895966
4696,2.8810343856143708
3400,2.5690489191423045
4082,1.9265442001081505
9150,5.874304264307748
1225,0.4736466204825357
6293,8.232911226964346
3123,53.52468041355062
511,2.554407601031624
5795,15.204741990977563
8182,7.3452724182145825
9418,2.028882553093429
97,3.081893641799
6682,2.1823843799300957
1513,0.8983892478651496
8792,1.3749313087322945
120,1.8503023241369345
7792,0.6175999502871159
6518,2.528908870983329
34,8.748561901458988
7888,14.440723676029812
6831,10.036238583807929
5422,1.767242022305373
1069,14.57619611914634
1348,5.410185145556868
4748,17.890745136780925
6006,7.621904174917884
6040,4.282200209302418
3818,10.595929454801917
8447,1.6654703843993892
5270,29.94108009629765
6898,39.21679991229316
5310,0.3361034092319445
32,0.2628613380560979
5675,4.248989024509944
4387,4.771637487308457
30,3.780167884024158
4203,6.496781052744792
7508,12.054755644429907
736,2.7772571611061005
2068,11.107267042064331
107,1.3585554121199879
9645,1.2854870306180326
8895,8.255957613213498
8021,58.61267054400001
2233,11.783065244255756
994,0.5984122924487323
9413,4.889881808316965
7059,0.5066441838995157
6790,13.503989061709403
361,0.4432786403623904
305,4.909502175816216
2628,101.77722850542673
8966,2.0205466251580573
4514,25.845375053680154
5911,0.9949899357584192
8314,1.041862710598158
3101,0.19503336360110557
5704,2.9346425794897932
3899,2.6141442512914996
5441,1.080656617047544
7931,1.7168371108050045
622,1.3632656842840907
7236,2.8450697387107335
2499,2.5376921677493387
714,0.9148807606825183
8404,0.6270572659792802
2856,8.940024656109886
4270,4.322294105440685
2909,3.089841044781023
8081,0.47243975866341775
4517,2.800098686434573
1262,40.79342483132703
3161,0.5988528902451578
971,2.52529266399367
3913,30.10810464643828
5199,26.263284549320687
8847,8.21685371975133
260,0.1414697962820747
3791,5.650499680714169
9203,18.741585758523048
488,1.0291951984235943
7908,2.9549245308262964
519,2.040710582247282
8343,1.3782907308659917
312,19.080507234351685
3232,1.229882564678167
7933,5.467641195998867
7458,0.5548914436168826
9784,2.8540273349925904
5184,0.40970331105597585
8077,3.1798406161959356
6502,4.6411713862781605
6791,6.280172621986017
7773,23.036496375837356
2738,3.2915059991755937
7842,1.7179585339666323
6262,20.831558755768057
8206,41.03874072869458
1248,0.7885547809636299
9336,2.4174117662555776
4195,27.147291259252775
8001,0.7201219432203763
7378,13.445896772490528
3435,0.473265870473165
5382,6.094485684134776
959,1.3193889238633663
417,1.3711665352815439
5742,3.7298348408466206
6728,0.8429496751184573
4382,2.747919702987978
5197,28.926934567205937
1113,0.6139302970825906
2689,12.320751470760916
6473,4.225802827749887
8820,64.62626022823243
7808,0.4960888050473158
3411,3.009874091880192
81,1.4468858738978907
4614,1.7641565080999992
1374,0.2675204259182865
1510,3.152144325604346
6443,0.7472796655829634
3071,12.344817021499972
3016,18.361126223319935
4823,1.5466886229651815
7822,8.982817045377947
93,17.62676935981255
9421,0.5943315273674071
6600,38.95762747921211
4443,0.6458844675456977
7602,3.8712352659973313
3835,7.0032730359330575
9702,1.2833746322702861
4322,23.59756305542797
3394,0.4414479455062745
4752,21.960809266449072
7229,2.244343885754316
9191,11.97433372591473
2361,1.9798238944851188
1148,1.0007425349596775
5666,0.9687933765235145
8075,0.3800234994588186
4943,10.136430167889777
3663,7.8118270275208825
1563,0.7517212388614805
4113,4.115581242095216
9050,1.3190721615697738
9276,35.594536533543604
8538,0.6120374950667447
795,0.8861796482094841
5854,1.3078229117397502
7619,3.233780289011538
1594,3.4155201243655724
7418,4.077044975393931
5267,5.213127804429474
7147,2.385128433028527
89,7.755542463464333
8695,0.7152261786198225
9732,1.475402390619612
9446,7.455316855571797
6754,14.210600580538749
3502,0.5544607701455883
2234,1.3165942098712395
2803,9.523271202111117
4424,0.7596540183831434
5663,2.7739800512832358
7170,30.32695567377211
8337,5.922118688338534
2148,8.919072097968762
7969,0.859981371710373
6551,1.3066253094307247
7643,0.9141579167314382
6164,40.6601845867269
1495,40.534761810302
7696,2.3747838464857516
7094,3.323326435490334
1409,1.174068501871336
6691,1.9067407074384133
3401,2.012020270107333
109,2.169061533884815
5636,7.07103145225186
8482,1.7500871510461464
6604,21.06378315427176
1091,2.5792772080572957
5560,4.705734047349422
9412,0.3355082895373116
8143,0.8517917694948003
8664,8.769466019702286
6596,32.96226959257583
624,2.547496805022234
6871,3.4284917598392184
4814,0.7589194619842813
6553,4.847126399179021
7530,0.7205062327711245
5796,1.2859866569181284
7437,0.25143253100961654
4218,1.1221902559700214
5941,26.364521148260295
8501,3.4846634885663894
6429,1.843432373528012
6827,1.6955719212753602
4131,9.70056411237306
7802,3.486282669849652
7754,3.4598308169963707
4722,9.813777023910683
1651,7.789799613405156
4141,6.97341206940137
1618,1.4162463601467001
2030,4.494551680665057
8518,15.437144389591117
4576,1.2453250154347633
3993,18.52723915670137
7377,14.196966223751923
6150,22.904937673004248
4909,0.9515754746501395
5027,15.601977973394098
8261,1.3542812127470387
4732,0.45287013862763364
7549,1.0094838960259984
8135,14.611940142532756
1607,10.427662206056569
4774,0.9224669843149884
8110,0.3845324814973921
6952,0.8692187987380682
6005,4.341315833787763
7729,0.9896275123122866
3542,3.4585547083181836
389,0.2979073038570471
1795,2.3136412706643545
8732,0.3094957579555504
4920,6.606245363403803
5538,0.38535850508897185
3873,10.828301563343219
8869,13.42972180469315
2255,0.7039841762303731
3413,2.5444968743822054
5460,0.7485655329641063
4956,25.1369676994481
7397,1.5375910073091168
5415,4.649223510468174
7400,1.1728619833800666
7415,9.010062947553395
9101,1.1878013363093376
4852,1.40592523209708
2026,37.69929229241578
2616,7.833718222877219
7389,3.5856373334868645
2927,0.6596895836495892
1122,2.5444093146607614
2911,1.9805082181257303
8147,1.5435085817894092
7384,2.328898337882615
3483,1.500749121560353
796,2.5438238400811706
1576,4.327471006282505
6177,8.889256963353223
6267,0.8676631601854687
2459,2.102145624043099
3313,13.887059062845179
1254,2.581475214009824
6835,1.1553942044282157
8795,0.9998601456555335
3838,0.5845821141018569
4399,9.435077023766043
3596,43.211437002873915
6622,3.3093190408012094
8383,3.214507704402199
2125,6.619549123326839
3239,0.4014348683103096
5404,2.5590016668395696
5999,3.1406726796074724
5939,0.7005021580292708
2046,2.7307241323790152
1579,8.208622146845293
15,9.989620853880295
2674,17.357869602625666
7017,2.477626783065018
8721,14.113189737136103
8850,2.2586572254440083
4813,14.855477409313641
1085,1.683035229048789
4984,0.935129999266907
7156,0.4087329533302519
2885,6.600410337403658
334,2.5241993919985983
7205,11.302829128146106
4368,1.5087167556164647
3080,2.596108918560126
7204,4.6752240959894324
9910,9.080125302233087
8865,0.18294169262210336
264,10.84108362996345
4338,32.8086782232343
8896,0.3991041927983245
8448,6.068985858962732
5904,6.400143883254755
1499,6.586525406420268
4191,5.1133216458657955
7486,9.571422121402255
9644,1.8612304869959138
8311,2.736106384272935
7591,17.64929596196742
501,7.114359410714137
9156,2.0135104362832745
9415,2.0578180507368753
3096,30.924579293788394
4632,5.9981970081252936
368,1.1277742557774721
4059,2.2072111414182753
8175,11.20274382086921
4631,1.382971253256534
6071,0.5809737308719111
2665,2.723598209241528
1027,24.70479856044977
5909,1.9342984301764068
5051,0.5902903362980957
6329,4.669244072511151
9734,1.7292158042920556
1692,1.861624313375053
674,2.7475504159316033
5573,2.287979043675206
5767,6.3247974480169304
5157,2.11654228211536
734,1.207438143624598
3527,2.1725263060043076
569,2.083240275504814
9188,3.9887266182163894
2923,1.7722720103893823
7912,3.05633446820403
1559,3.1298387341934153
102,8.083842015728257
3008,1.8185472033636056
7202,0.5830375525012168
304,2.551576691640082
77,2.2118621854067606
6755,0.3980812843071802
8630,3.1666534203768038
1209,11.523319454397205
7743,9.414703779173088
8215,0.6608340751430717
8945,0.29363125452248057
8414,0.7465834696644288
1776,20.825725999005122
3474,2.878424275233624
484,6.141536497116667
2190,3.2497380872992094
347,1.797002748313572
5482,4.224734690838757
8362,1.6292062393163658
1473,0.1454311459585069
5101,3.067162284102099
6766,11.814229697336208
8707,11.646987363798816
4930,28.896199321152913
6330,3.0259283870980265
2610,16.686305528424
4,3.3914868095764192
2214,26.840218886218633
4828,29.737317915489616
857,0.6409611689080659
6978,7.7960989663058715
5886,0.5756417438045428
625,7.774061981658044
291,0.732615792432734
2019,0.8126734708589909
669,2.347921106441995
8922,19.219235717463533
8265,30.289488451482487
9697,5.768075971634065
1632,4.443261990463939
5171,4.672841606485559
7206,5.847953646221571
2523,0.6430305284760065
2216,1.67047740259815
6969,5.823384392634978
6497,0.61188807221746
6214,24.525810718150865
7033,0.46129160538959474
7421,4.063551703449662
1108,2.435358424785513
451,1.229081437884381
6290,1.950996145113197
9967,39.43873153981648
136,0.1827609092176049
1786,3.551279485994598
3405,21.59507534341737
2907,18.774774466223022
8305,0.4030962749038842
7493,1.3131196241696756
6101,4.414813380638914
4505,0.5633186133289588
5054,4.001865740877462
5206,4.330652014383435
4081,23.99327966511253
6919,12.655740412361974
6803,2.1819379106449652
5207,5.982437786036691
533,10.050040689239744
4831,1.3121716453750722
4039,0.7228251093508021
4085,22.940191276413366
3205,8.913284501982972
7111,1.5323568057290304
331,1.4122783119970854
4958,15.10326034818187
3034,38.765516847211195
7685,15.309075433860151
1598,0.3925003769617772
9920,1.3878860822345986
3598,16.436738095098057
9039,8.317947605972163
8002,3.850916598383621
591,0.9340284329112155
648,1.8799273497640605
9103,14.5093322619172
8016,7.78909356160008
3772,0.6219769707759536
9040,0.8412810821451737
5083,2.4239403754181814
7883,5.510053396248606
9363,1.6518878319143895
4211,17.825411417068775
8835,2.6610333249588014
8700,0.8122833267198777
1796,1.4706101762275825
2587,14.931632301663008
8356,0.7568668789543931
2317,1.576523506351001
4186,4.377846491533819
8828,6.853640442370713
7073,2.0036010379712605
5235,2.0104452810822435
8744,11.008262633288748
8671,0.8073889207056836
4769,20.186183194627525
9973,61.47173140087135
7145,1.5398795938068575
2914,0.6547859397671363
9872,1.3740194958182335
9894,1.6115966075439991
2076,6.4963227893692554
4303,8.368515677716342
5823,1.2860607002314932
2150,2.900224365839483
145,1.5400678171831166
4964,7.366299517335286
8160,0.7599692291505222
9031,4.454633811622334
4776,1.296366189283765
8934,2.1768282478563252
7750,9.872668126053545
9829,1.2508723352689854
9215,1.3175070679508258
6061,0.21851209151869216
9476,0.5818031159534492
6410,4.021562655191691
3318,4.332886570897275
7465,13.18156455632506
3062,2.139505377349975
1356,7.985736797802332
4515,0.4373098919018092
5506,1.16628964869899
5251,12.42195459950775
4512,0.680423044746416
1731,1.1988067059190022
1759,0.8397930514743954
6651,3.3495566862570376
6647,0.6510997715611377
9861,4.267005373475921
4140,5.136088738538524
9394,1.0962829148815532
5124,0.8252848603614115
1,1.6827197594408159
1865,11.991437791903872
544,5.467041582031008
350,10.602865204793774
6907,2.605513720631114
9766,9.295114395080024
2524,8.782788653755187
3465,0.5987245097439978
458,0.24302729460777572
3024,3.391708977825356
7262,3.716649722906285
9516,5.029400750716744
7873,19.052625388024772
6626,5.310294758199533
2535,1.036732237608448
132,17.137671125651305
3705,6.4968928323305875
1373,12.190044895581867
6201,0.9630514251416236
4857,2.9108025133527677
4713,2.468173338288276
5545,13.265777029205264
1414,71.9556304460262
4114,1.268705735312639
656,1.501086567225656
8138,5.89006698496027
4099,18.05506304683098
593,1.0786889374361863
8709,25.273509074548382
3124,6.938810712007234
3048,0.8244518166384354
3888,5.594190287492714
5736,15.354426351795007
2185,0.4713334232674513
2146,2.020184308674603
7048,11.06404176743001
3106,7.156427470351425
9234,5.537336868859478
9097,5.530620815417652
2770,0.572004258920457
5222,0.7632875042188239
5834,0.7581758569531647
1733,3.05611860200297
266,43.713678486084774
5145,22.9909811949232
8268,9.41965188122294
3938,5.844442688689716
762,15.561997454958366
7221,5.226474946833921
8440,1.3157904428432834
3258,26.580166119294695
4339,8.484050468329947
4363,0.25065838008676816
317,4.617978190011251
8070,1.9904506357673923
1852,0.47568411566549434
2485,0.9179424144192524
9874,27.935977634578208
9575,13.669322515510869
1079,1.6856029199331348
8359,16.823128439000968
7334,0.5386372550624503
1072,28.229500212392836
104,9.942232079347665
5749,11.352541114572677
1419,14.03073871500572
1659,0.5749551490616779
5285,0.6554906241566876
1150,4.674050043717111
7151,0.9742724115350713
1569,1.5137519891477895
1088,0.4098374097341639
6086,17.514965552012757
8675,0.4894184565059444
8342,4.292715837553627
7812,1.7879445583053901
6085,12.740335540963178
8774,19.687643613302583
8758,4.622405399190518
1693,15.808368297211427
4735,0.9483440217449522
3388,26.728951229942435
3647,0.9241734830244094
1684,4.232783508279096
9,5.879228508674512
6063,1.1057313770436323
6517,68.06099592201585
4124,0.2570105521276796
8730,6.658286134569264
6046,0.3511364795005382
568,1.0006591371352571
9162,0.3453373849188147
1804,3.606554278679372
8502,7.989703138191089
4901,4.511137853203947
1600,0.4198573269076942
7932,0.7278374617122335
9548,3.3557539890238286
2824,1.6643027673405617
5468,11.011994425638598
3530,14.85406427158739
8684,7.675984272353573
1156,4.45052602798204
6548,0.9565980647544196
9089,2.1527858242371334
7621,4.650508895810754
8297,2.4255148518486647
4541,3.819968673084781
9135,2.0859124750960714
6483,9.56442446101761
5827,0.6244786152814275
1191,0.8434957614115668
7445,53.55451162781831
8521,20.197685164617404
961,4.883277024504488
7455,13.836311726896747
37,2.3351955348128506
7517,5.178902462174901
7645,2.49834761093371
4439,0.7088757847046641
6162,7.643378972920414
7745,11.303900143274959
9588,23.18931459766348
8120,13.00289562868756
6968,15.233756020096632
5719,12.537872500039663
578,2.0761491814311013
9834,1.3203948301699595
4103,2.059572072552842
7647,6.860520242006669
4152,18.443079979326388
3131,0.8235959354109312
4891,23.1224438891128
9976,0.19604650835559212
7472,8.521723302711555
1834,1.965836545177919
9149,0.2709570850003199
4892,3.0188808455722898
2288,3.964397203315223
1331,51.33720708818155
2772,40.459721101806025
3687,0.1974326352664335
8284,13.175378244819006
5929,2.9243116873511172
638,18.488360473439066
48,1.8923414847129967
2603,1.4083715860893518
1966,6.303259085766257
2169,4.203392086952171
5050,7.748876623794313
3335,3.6833653482048527
3020,7.382518637786359
8765,9.319229791329985
9177,5.728020897903292
1361,0.2752834153586384
5799,0.4583748213824789
9401,2.4386553144579994
3252,59.04484333321654
6301,3.408361101312679
2252,25.241552637295328
6028,0.8679524357589586
1176,0.11958121499432861
8800,1.8857978514602436
3280,2.4965792935289812
2974,0.7283427713391794
3397,8.597066766255537
6940,2.741898639420802
966,47.087950755064725
8575,16.104463869656037
743,0.597350547226671
7515,7.537114758489198
3315,3.013084338637156
4899,14.210534415594259
9341,16.395644393240815
4673,1.8184598034991284
8619,47.48869862423825
1218,1.9967235673569261
4398,14.52857975666911
6081,33.984707140038466
2615,0.6846285115162577
2621,0.3718938455818526
8715,9.698515294871937
7283,2.4495248994176544
3380,0.6334962855501298
7302,6.371098052283298
9858,37.483167555471525
5606,53.73422607922612
9814,3.3090877997331294
5787,0.25738635990231973
8519,0.19979729171757354
6851,8.444869834935412
1517,2.869027319952851
5099,20.1262094200361
7637,0.7552551056368056
9086,10.928064850806468
8024,26.6344522603812
2393,11.07336235556865
587,1.3888875221883403
3520,2.424141455232585
7654,6.81028454930354
8947,0.3101090318430627
851,3.5317111076280945
336,16.39452478089805
6635,34.51281144530929
8973,9.758801887278734
7494,0.6293675944602569
2869,7.799468119198435
4873,0.4342096274178934
3551,3.0205512871231712
3843,3.9069238129423822
7263,0.5437923096399865
5825,6.032453159343642
24,0.676934958209172
1454,0.8387680004406589
1685,0.6484299208238827
2311,3.3020377906290204
9064,4.288894703446286
9407,3.7590700998375506
382,2.365730435059817
5815,2.0519423161872177
5551,20.84548236539025
9309,4.580261112015006
1619,2.9370752202801573
790,6.7934494163171175
5984,2.5210515848915382
8673,14.769937041321265
4476,1.0741192192155546
5607,0.9944711287684449
9313,13.980372156379984
5649,6.55424464612096
6217,2.731749054278248
2287,5.116071354860807
9994,1.6956876953304394
7579,0.37878889359209494
1184,8.27712973289663
6002,2.768756442008347
5091,4.430915133879639
2517,12.859333479130878
4123,8.61485363023672
5522,2.7393249172627416
5628,0.3128556917931029
8361,3.525421334064025
5873,4.998459078267648
8613,0.8654888064284059
7728,2.6495762755446544
5969,1.8705587147214617
1181,0.9404625715782271
8763,30.705704982458336
8236,1.430806774123964
2819,0.8651388636729328
9965,9.116586390655453
8704,0.2638959602743833
6609,0.4442079311204344
2821,5.197953865704372
7536,6.135152756108583
2261,3.2772580438206695
2240,12.214205843674483
6022,1.2540456869850922
783,2.91302448846483
933,74.93391704302033
6203,7.4814645505823485
2413,1.8138992935408564
6998,2.3847794699868627
9116,4.825428679226038
1157,1.389390781739341
8108,59.286669241473774
5806,8.981518760418432
4880,0.5572417330752515
3310,0.7486549440439481
8962,0.8795990479345644
1703,34.3873015712534
2493,2.2777040763720406
3707,1.8570729213703456
8277,14.476426569444286
287,0.4108044951435826
1609,1.634244330162217
6632,1.6087057049453992
8279,0.7146835516114496
7316,16.508076837440278
2253,0.6146331879701422
7416,2.037550228086595
8366,9.557290068704045
1892,27.44995749457247
5063,0.5458035609141462
6121,4.152900390711424
564,5.615882395089082
292,1.4456587387483106
4717,0.6894302506722798
7709,4.4305933567202835
6350,0.8556259697756028
170,2.3753130824952793
268,3.433197841963138
4639,0.13274612437909605
7078,1.3218692741059939
3356,1.3369665775729869
8280,0.597111286395137
316,7.197578637468982
6729,0.6972157524453444
9496,1.6567103824578613
4068,3.1621735100833632
246,2.4252495371928458
253,9.326594568371979
1112,10.848294919213613
4802,5.63318469064784
1714,6.720456731450421
51,5.619282596124874
1836,1.0856899231552943
7897,0.25008316927780727
3384,13.20786236644367
6411,4.136687974940022
4314,0.6111971226647834
873,13.577828308717343
1255,1.8297329245024043
8882,11.439430990285894
5852,1.1704892232365924
5703,0.8557578845061924
8104,0.6316197848422442
2099,0.5616202255836406
5129,6.542014180789299
249,0.6477569314246593
6562,0.7623607275246319
1340,9.51080815602017
7018,1.252935161697236
2111,4.40491159274639
1570,16.219506201501137
1727,86.74759091216916
8385,1.5549980487300354
6941,27.198225179509123
4396,5.020782931443971
2421,0.6515552714378445
3046,1.0730976004923842
5504,1.710284700732985
3704,1.1054390000056669
8192,6.000365953404572
5332,2.505131680056649
9809,2.444620987162193
448,0.9214207682447443
7895,7.333121461698166
8729,16.59623164487365
7829,14.952991369973317
1769,1.2797886235372224
6809,0.44867656238080406
4705,1.5777589285911713
3870,3.269210400420534
1656,4.257943844611923
3188,1.2352487116215285
684,1.374056946842397
4171,4.064563195560204
4478,24.933324823136964
462,22.907072881398566
5765,0.9165233731414265
7523,20.119472686838208
4503,15.777198397734553
9710,3.9241821774578374
319,0.6688255897302432
1146,1.056085198692546
5095,1.38794563045274
1394,0.7947703621798801
6624,14.198556677365016
1502,6.969991706523194
6409,4.2668405261087266
377,0.4471868123409573
411,0.5417181427555678
1661,0.292281655435758
3152,3.4131167489102365
1624,74.4796128389926
5610,7.698576533097919
8533,2.1262721398520745
5803,1.3757999579826994
5307,13.481454305263918
7087,4.902485936685653
8898,2.433933996132313
7489,1.8969282415890933
9616,0.3785315949408455
9218,1.839312029231981
1673,4.012158806398886
2359,12.870594509127372
8468,15.456748350113658
275,2.4796536072812994
2474,18.654551332156792
5490,17.608220802976128
4772,1.3024004170758767
2108,0.28972592699721206
7501,43.28763292962605
4415,0.6551991512468763
8139,1.9747333420619615
8661,1.9153323351552494
8240,0.30881364609903195
2418,4.460978980671651
8772,2.2604417770527077
2237,2.2524257386232787
3768,1.378998697703198
9792,1.2741064624255716
9990,0.5924448411361378
9966,0.6463549403941728
7324,11.080081508526748
1384,4.1303718438573735
3102,1.1043422457383953
3922,1.287989467169922
6686,2.5159765269996455
3195,0.6517811663811885
1942,3.5558977659507924
7714,3.8292992918788684
4897,2.171204154767006
4783,18.599135648635922
1497,0.488628214783655
1958,2.3476362469077894
9172,2.0247836184743484
9746,0.5373682951689568
7333,0.7889556388687694
7950,6.193749327611042
3018,3.688623824342585
6747,0.44583743394564407
514,8.207331825838757
3935,8.03545857769347
3026,0.2648499362965082
1200,0.29619146971034277
5029,1.4622841635043613
9785,7.79317674746615
922,40.195227081158684
4650,0.6675974439416269
5333,3.5888371385641644
1077,15.542102259917076
6769,0.34378495515508367
9411,12.552682405431117
1672,9.357202350730665
475,0.99755388308425
9187,1.5927137949074142
8840,6.112063799292864
5759,1.6067577265109725
6298,2.4270566080619953
2479,53.98451424104858
5494,0.4731107832864444
3915,1.5000476753750132
2139,0.6945722814537745
5455,3.9365869019211908
5380,4.717487258546736
8986,2.1865565080841054
4024,5.971332973193247
3486,2.5074601464505357
2456,2.4416746210753772
2465,0.1953784737437049
8697,0.4010043479197695
1370,9.364472576666191
6689,1.8269973453257422
7457,8.845586895427369
9975,0.9607757781928542
1902,16.764065291869652
4872,1.4771811297427773
4711,2.0230793142081276
7887,1.6238094464090052
1794,1.0959271416172305
2875,1.033117106620323
6218,0.34412813250893914
5214,11.21024056239628
2246,14.542225249995893
1742,65.42386963728545
1021,0.5695968494811399
706,9.919492419849066
4295,2.2336257551260847
5577,10.155550781799485
7167,3.2042608387689144
8178,0.4905515893162267
909,1.3850365543804706
5194,1.264731864560105
3078,1.413322361450105
9367,11.27499102716564
595,1.3170788989746638
5305,1.7325519501688333
441,0.3577804847283068
7607,10.751523107494114
4093,20.192995774559748
6135,0.4809638429171499
11,1.9378719992289615
3777,0.8157520964042342
9000,6.32891913733663
3709,0.9862455112462366
3781,10.611594859542974
94,1.9500291714608105
9240,3.0326096209528175
3950,0.6563992894423886
5786,3.5399462942255253
4871,16.61576795820294
4803,1.1006419658358666
4868,16.012162930271288
293,6.145472041120459
7889,1.6166306617004649
7406,2.045127104306695
5596,2.7150989686551528
2887,0.36495011245840525
6455,0.6878460414059675
2543,1.2513569433186347
1766,9.026546738085042
6801,1.575529988477464
1878,7.757167482686247
1982,17.473794237283048
9730,1.3086463320766537
9609,6.312975290557371
2686,4.456805980904488
8931,7.324396371630244
3459,13.267359722957513
4542,2.0488583631417168
2179,0.8971225899665812
4451,13.728153747890788
3860,15.025981217446443
7624,1.3485046647849999
7655,5.502816560813769
4520,1.2267994186439208
2518,9.291714764885388
4837,15.413063284599188
2886,2.4077534935077263
7282,1.0349962257859016
6256,29.91061223669455
4540,31.352333550596658
5640,13.810758416410687
9460,1.0911172968186063
3482,19.41472968603402
1278,1.0049665027069294
3147,1.1016871748103099
8263,1.6610325552390974
3206,1.6475608925517593
9893,3.1510659928750293
2743,5.009440260358164
6077,0.40018102135667627
4048,0.728995239336033
5732,53.6691805061956
2946,1.9836571928958588
5791,1.3960014176533162
6795,11.340640369286755
6544,1.0563104689662806
701,17.377380281826795
3575,1.270930065132407
7700,2.848475336643197
2516,8.729395723640112
3001,0.5450774267470687
5821,8.064681453961636
8582,0.9581630709193911
3685,3.4679792441495825
2996,6.123421675077626
4253,74.514706843424
3412,26.96792522321432
7963,2.0675812259843633
6310,1.8127566566784963
8612,1.8262246213896094
5013,1.2446901941517552
7751,0.5424957290645873
5980,1.7168835759225975
4049,7.432719242194428
4900,21.39043869433357
1319,10.327581335530281
9773,2.8586520643979134
9138,33.3402461621887
7143,61.61481501776754
1898,1.3916966258717336
7466,0.9914819011955385
604,1.8907553181195949
2847,5.014870864053787
8208,2.4414198730280283
394,6.2702296178204815
4437,11.514374857214166
9448,0.5472913478328906
7235,3.2902924415458124
5399,8.920237205650604
96,0.6189754322695004
1663,2.1191185303360274
8971,1.1845309136222655
5131,13.862799639519658
1489,2.567354955859951
8317,8.255409592564803
2708,8.165578909119077
1596,6.245093200641641
9278,0.7600535856582734
2378,1.2307745397124652
5141,1.5519912077819296
6148,1.1395187555043311
8242,12.14924032123887
3949,7.661656177263646
3934,11.087091837733107
4798,1.8496318866522035
4373,10.678977626889752
9863,0.22435309601870604
8243,6.234777821739408
3449,3.523019838454955
2944,16.883360902941284
2466,1.5067138354620266
8583,0.5703475291083125
5507,2.1685498616617345
2699,11.070392446241359
2448,1.391601341090255
20,6.670156056024108
2749,0.5103771237951314
5400,42.8765947386047
8079,10.027434688000584
6872,0.41287803636173015
4709,1.1109151443370124
9477,1.3518520437862973
810,11.51998967300884
7478,0.779894149548804
2274,14.088750458067269
1924,9.321516108561877
1471,6.7240828116320595
7935,46.303473542050604
7408,0.31787002091106126
2407,23.749699207099773
1143,0.6404996289738155
1748,2.168078407725034
5710,14.495897288244421
4976,13.933123291339461
7301,0.8407899450473141
8149,1.58910966877223
2834,1.800434004538234
3132,108.88876223580813
1311,0.8445391727851234
8651,15.70389827904539
6775,6.165031892972766
6757,20.142578016024427
621,4.556216729867337
2702,12.022113830189076
2200,0.9254808555467481
6197,18.1522558470504
8825,1.204772333763084
1047,1.6739603119130442
5769,1.0484317781638008
9948,1.2070072488026258
9020,0.6691191854208312
744,6.914636212541493
223,2.016103805572034
3150,0.8577410360282779
626,11.696883642249627
9335,1.0119911936955375
7567,0.4431579962052205
4583,0.2785653337619571
5712,6.438045048990455
3285,2.8055250523779347
7586,3.137642848971575
9647,1.767858823825041
1531,0.6797864699485477
9686,0.2574190829221851
354,2.021190521063647
2475,1.122583353406029
8014,2.151331703952292
6476,5.828847320080931
6450,20.37987228680798
240,8.70700633220796
2626,2.1155774598914467
9787,23.227399446638398
7199,1.020922649424481
7693,1.1621459814757835
2998,8.344234122199953
6441,1.3006793560650847
4563,9.74836860191256
8615,0.8267189090352278
1480,1.4963590751255231
1019,7.75863606438162
3095,0.5204225704496825
6183,16.18688854104549
4961,7.169054411227509
8493,1.1120997637867993
1104,11.147308183070372
6082,0.2984363334090487
9526,4.462040379512614
5191,8.484556612621807
4182,0.5489827673230507
4468,0.7958812277464595
1627,0.5797185771733934
6718,2.482812478831783
3799,8.407606058105632
3054,3.2291514410435513
2868,1.13057507167138
1433,12.603861386473593
7984,2.0356698495377286
9347,14.20390503163283
9420,11.732252652428233
4077,2.2747696484446154
218,30.7173763482951
3556,0.4408142384162675
7937,0.3974884617968511
8422,4.164818939692208
1035,2.3666484178116054
3774,0.6416120460679784
4133,15.379772013499508
2336,2.547546183144017
6493,1.4635306321807193
1483,0.9880301153545237
907,6.126628636852454
6089,3.3643639808555417
6467,16.01068659759759
5677,30.036290202929507
2771,0.8142337471118943
1806,0.6641466404494148
7375,0.5849924659256178
2115,2.7907733534795893
4535,0.3189576919652263
2532,0.347462806232506
8526,6.091269422834403
3471,10.015706138705559
1403,6.728241059866301
853,4.510447026278575
3083,1.0822069404796877
8025,5.33956633994502
7566,1.9013537562344152
5530,12.472857249730495
7855,8.26465703802332
4933,2.0382341120388303
5160,3.128372394083385
9716,2.8592162161675385
3847,18.686619835810962
6484,1.8097332558323103
748,0.637099848466656
3035,10.753708235349817
348,0.45594127891433445
3352,6.8908583918390045
2865,3.632908304182911
2168,29.375808329618913
6955,1.8258977840843509
6210,0.6608303101862809
2778,34.662970467450776
1442,8.69833000721833
5658,0.6809081913914057
9658,0.7137507629498652
3028,0.6803791103048478
6118,4.443807557787799
2484,0.7706156901874224
2883,0.3024606747274629
5562,4.152860777970834
764,1.527189230937303
6482,0.390311425014112
1617,9.558389464178733
1223,9.539940020242614
8665,8.675285137576106
6222,3.766680085414907
1577,0.7508487861330743
9392,0.3676961827546247
6351,0.39487463810701534
3783,12.11372428725938
4375,0.8931989188208844
709,12.47194492198791
510,1.0954270298382953
2955,0.20657711890230382
7538,24.86760888659463
6339,2.6037597454329933
8923,0.7544859645196165
7064,1.254997929490034
7163,0.821588627809894
7372,1.1856975296692154
6829,2.636378682119834
3616,18.271072349962072
4657,2.5773776448545416
6976,2.518033617076971
4351,6.489064244802489
712,0.4029598922183248
6479,1.1161710973780676
9130,0.7029659630939608
8205,3.0812709920303867
9204,0.1335467618282737
713,2.1215614265493197
9113,1.1216134524941022
1246,0.792333324924341
9786,15.69380878406017
6849,0.26388230360495496
5134,0.19311459310160184
716,23.163594620973704
3464,11.310206031851386
4395,0.25827432153801966
4569,24.863026253448208
8804,16.248050080561228
8490,6.414934773209686
7702,0.4042279029246413
213,0.4594878750419106
9768,0.9205423294895789
6839,2.623604207420828
1011,0.7220847850813154
324,9.738612357456558
5397,25.271596531025
5991,2.3388928265264792
3173,8.368469072442451
335,1.4393324691158424
8306,0.8611693158500531
2211,5.2140318783539135
4272,60.89542208253933
6741,10.922887704976342
234,0.2201357309114285
5951,0.6028699960753529
5738,0.6238915606875377
7922,13.613031995464782
2349,10.19077829114576
2037,1.8422211385173488
7485,0.3124863232110041
6007,3.335592202877771
4554,0.8269492201076801
8073,2.188702524048182
1459,0.8001452181718168
3289,2.4896146546739875
3065,18.266232491477336
9437,1.5542238856313446
775,10.8015920425512
6833,1.0596897122607218
872,11.41453024308002
8750,12.504572647609864
1264,1.317763087029175
4834,19.480112606384974
3895,6.470411260027976
6324,1.6650057457954353
9213,13.75649670810721
7020,1.2509642597796484
1221,3.5058023125585116
1447,3.3648736093682152
3185,1.707288530794792
409,3.0180106287606456
4345,14.142596087346782
3022,7.039512848978195
2304,1.3834058645866107
6272,2.9675321435331323
8281,5.011078124621438
6642,3.0640905009323594
6956,2.5979752376814025
2110,1.3158491058430395
5352,0.7022618244929296
9684,7.136682755472867
8344,13.96237859047291
4550,5.189184461823368
1881,24.195327873394024
5946,2.9201275965293623
1738,3.7644049095436554
7794,20.122563485843752
5213,11.559663126386065
3209,0.5645619057881681
7083,0.5437869600637308
2056,29.142766487906787
1689,0.7913283162319028
4780,0.7945366033948547
7476,62.53931163469957
7877,1.4837023142087227
6750,4.671364901331594
8556,34.20057064356458
8123,2.978508155313695
6991,2.8570758565078824
8267,9.104068075153645
8540,1.716604478872943
3393,0.5002910501697846
6326,2.00464935002786
3529,30.624977523214003
4605,26.997611199273702
7024,0.4029391250161602
6322,2.657267106273979
746,1.8531914543706174
711,23.876844704616524
380,0.2459896198733748
8783,2.5630754843839934
3012,26.838120613333654
8859,0.5504451112002517
7153,4.047745147561207
8567,0.3782746581001933
3498,7.105757674772478
3890,1.607142742144259
4485,44.935726336111166
4012,5.5913437190036985
2620,6.635625692040443
6671,6.654419393549297
6513,23.91299236833853
3468,3.654097043456074
1314,1.4826623871743507
8606,8.08185582198323
2070,0.2701949785116721
2983,2.214804966575277
5915,0.2846278006346822
9171,4.287619192580657
1286,6.742264468819254
8991,1.9623702437050456
8430,1.300795492183926
1350,3.256965430025584
2612,1.5909138198802908
9495,15.213799754493104
3669,0.40258353366735633
2222,0.16663120932259776
428,10.862702613341495
654,4.20596238209687
9914,4.13602591290439
3536,3.9821541822190425
7737,0.780037628685336
3246,4.171273765986256
4741,5.607502094862927
9069,85.32792512820568
4100,2.9155714055191426
4101,5.93363335746343
6960,11.487784680631362
612,12.838464130552959
4289,2.737250763386098
8571,4.065078646320451
9713,7.645772446751986
1544,8.010610125016088
9536,1.3247704516008705
3854,1.023439737659677
555,3.159643491065873
6366,5.896631949605542
512,7.794781270629756
3207,1.1767764774796148
8085,3.493113173516922
968,1.023372039779727
6044,1.5205641404258854
6880,1.5465045257690886
6776,0.4252222143403206
3296,14.53193727637792
8702,1.4258005330542987
3430,2.66338323950034
8871,3.450329571418878
6963,32.0714496124576
2089,18.564615965973932
8500,67.26559345077811
6163,20.259493309140076
3211,85.3029968516996
9201,3.0385633056999173
6606,0.6415845120570114
1110,0.6198365904580606
5729,1.3651208079979977
7830,0.7735573133990399
1039,1.9862766602943134
1195,0.9281327081895567
4475,1.7902540445142572
9875,1.9466701339941173
2123,0.9003764309563416
4983,0.9936911801701015
8974,1.9333615187857742
5701,40.671381435597375
935,10.222352815059601
6102,2.032575970668349
4690,8.062600155254355
395,3.3356554694624703
4686,2.142060970297787
8777,1.7978028232602232
9166,1.1123388610097296
5981,0.6960316331779522
9943,2.1561127841226564
2192,0.5314682235860839
1298,0.4753925947787813
5045,1.0997442660330607
1163,60.0047574589572
4255,1.3872733378596525
6373,0.7144277248939079
1528,0.6062520814809093
4343,3.4664449612100907
2031,6.48442112774546
3061,2.925973348290855
59,0.9330692259321411
2406,17.54408001498101
5007,1.5193503874975205
6158,29.28507028278935
7376,6.943276928674019
4507,1.5376568561755224
5215,4.093086663250398
6030,0.9604376066086593
1781,1.3838373913503543
5448,4.519029389184363
4607,0.4288861519694177
6915,0.7811385341920075
677,0.5870127321385573
3583,34.18001985755797
3654,5.530009491846077
7921,36.54841326530287
9500,16.17847902906595
2733,21.552470747487888
4788,2.438907905298812
2755,1.631037861008484
2338,9.023969562612498
3644,8.025977878150794
7738,0.5871567947257277
5517,2.0960082114702665
5247,29.638122986068694
867,1.7267185291049458
4448,8.29626079247853
5072,2.3788320251469113
4882,1.5900141307189326
9511,2.278788240661281
3003,2.063899511813522
2226,4.263101546600314
9057,1.0701641944061187
4827,7.534122679971911
7622,0.6362076956428937
9690,5.16074378729538
5501,2.044669863129533
9701,25.642332655735608
8479,17.794213094052346
5503,4.69677802475926
1211,1.4918592011321183
9084,2.8699396647853863
2289,7.3875945692543565
2184,4.345839887109804
2863,9.492940945388817
6862,2.706110181911665
2363,1.601417762666283
8464,1.2792401096480162
6333,4.875414258614134
4065,4.981778526527727
9547,0.31909300820721254
618,9.09256804706373
3282,4.36606448120315
5227,2.056061976893409
3398,0.8486814487663462
3066,1.8066546091559714
767,7.577190156142315
7079,13.717812152256561
5280,9.561329455270206
4150,9.714043935535745
1145,0.4219798919359039
4249,8.346402982816207
4111,1.0595354862892095
463,3.153052744395513
2933,0.478712395699793
4624,6.441856755675763
3814,1.1594932026195286
6309,0.724077268708904
4342,8.159924365207207
5301,0.17108751636844285
6805,1.855250278432144
3283,0.8732808228781883
2575,1.6090025168055095
7962,15.186464789436165
7880,74.51165860023656
829,5.3461019504100316
6487,6.807745121814679
7600,1.4120059324537966
2541,0.655515089899806
5747,2.067935147895601
8527,0.859190561780284
9567,6.223699529139347
3743,0.6719958921001975
7499,0.8992669973775768
3525,6.509274634839435
21,0.8781620385322529
1916,55.99941237069092
6572,16.38985041547509
9019,2.5383022000107394
2013,68.83520292001252
5406,1.368440700292192
1296,0.4708162651407449
3746,10.026320804349487
592,0.7439388109027485
1407,9.652382114193584
222,2.700135247030337
5618,15.066074292612425
6249,12.353435224976675
4419,3.909903471794842
859,2.7890598927906263
1784,18.385560255303474
7260,2.127698369250814
6857,1.1945766309816594
1955,24.39746296158561
1747,1.0451807379244458
3133,4.24270896522938
8037,23.89730209632069
8851,0.25094689472382226
995,2.4406419906736634
6109,10.803586318036148
731,0.41887395221553525
6975,1.27014563360025
6274,1.3626831168305293
6752,31.200904143641257
3510,4.973926435039548
3534,26.00130976143515
2514,1.1612962968805671
5437,12.422761951293896
3626,1.206289690615577
466,12.797826767418599
6756,2.416743138518198
6760,21.576822849393075
7992,15.118045508730216
158,26.520182552184213
3961,0.887578026415041
8833,53.70401354433785
5471,10.923943950956534
186,0.40232872185240864
1003,45.81821399835195
9509,23.580547751101975
5624,0.36249180876324355
401,0.26407488988808986
6241,3.2344033184815224
8941,1.975094817959745
9933,0.7520871682477922
7343,1.5214099201202749
9833,0.9324776889916412
8467,23.653514176561952
8757,0.7105546757364689
7959,32.10736899041646
1251,20.540708519577656
3144,19.093615472508915
7431,2.9774078180371273
60,5.56008945456388
7856,2.272130929431046
1114,1.189265041327792
3058,2.4015299476159666
9570,0.4581657898144334
1329,2.600390089501129
4996,40.691040234054356
6683,6.662035303725904
2073,0.9463322278393502
4794,1.503780985406213
6830,3.9106935971940313
9630,8.071958389801894
8219,1.4223003390620639
7568,13.785237998030853
5923,2.1857665564957234
1551,0.7050499416067616
1010,7.036501547892882
3756,2.3868356517655114
8682,4.090207049810468
9343,25.299058138328192
8010,3.1415105763104445
3861,5.591996165984868
3149,19.869661906682087
2520,17.461380233528857
3128,69.77194485106314
9085,11.389624693230175
5317,1.7587010529294957
1196,1.1630822358274238
9051,12.44322188115553
880,1.5870371138856205
6990,4.294712535151682
2488,12.273967615110363
2841,2.6177914167816296
4330,13.834146024389618
2931,4.058399971271292
6425,1.1311201553735146
2486,1.5642608721965023
5748,2.942726086627553
884,0.8138193671076043
4915,0.9256235047594568
6211,3.6660338464408984
9579,14.806265132913376
212,0.5097672975782482
2276,5.288858781952727
2329,1.0002696450688748
4951,14.46010408448945
3320,3.162850644673704
9835,10.473239947863133
4608,21.523495795656235
1439,0.6888816021007294
468,5.5832067761433
5467,2.483367572421558
3330,9.378077184192646
5829,0.39142745946471164
8608,1.028409210118479
697,13.350781115679075
7268,0.7491079008692236
9145,15.825618748506702
8181,12.653706480235066
9939,59.91587865350301
1315,41.012182153714384
2302,76.6456029369665
2040,4.764065422869305
7109,1.9990717749628693
3667,9.989846449821423
915,0.6415043949151513
13,0.5670073759422384
8584,8.959229227875525
6428,3.1602093539367115
1537,0.30048266442361216
737,1.4351966634165336
8202,1.4966804512210274
8653,0.9794392362916565
454,2.5566090281070344
4346,6.712739607181422
928,1.1358816424254292
6292,5.0346680411463725
8282,1.6654738840860608
8723,2.6692431615386045
6474,1.9957277535538736
38,2.302710443112204
5771,13.25808225310519
2555,0.5627927752682987
7633,3.558810665455776
9999,1.7909509555602463
6621,1.1561043789420544
941,1.758693913830645
7399,5.517231432437131
6129,1.9246277920751043
9830,4.139747895585645
2681,6.446609589306539
4355,21.285344015988656
3059,0.46177705232811006
7881,0.5732692925310989
739,0.44293912934845897
539,0.8566488547564853
3326,4.425985459443902
4240,4.042257957185905
1401,2.610638676273067
4047,1.6133969092580427
5138,1.0828205983086097
4230,0.1913192793500588
4192,8.537999214698079
9143,0.26503457433502303
5539,11.577337253866506
2693,1.1923513174582308
5341,0.9998595231045533
9918,29.238264071770963
7671,2.4251407953619357
9174,1.7431920211092353
1808,1.1819207659713449
5112,2.2483126918811625
3990,0.6957942871359247
3456,1.6413430385731467
2908,0.5860965402880504
6652,4.469189479727724
8288,0.28726739141716806
6245,33.07797044760781
2698,7.196900249410224
4017,0.7850717450220447
4340,0.5976081029516641
4646,6.58636156956922
7740,49.81071080871372
7092,1.4383835284754622
4693,3.313472843629205
1740,15.078367745501348
5407,3.6192984565565296
4589,20.41049107262755
3126,0.7529119998630995
2158,0.5871810161399132
5334,32.84958116950971
8637,6.2325022969093835
1826,1.9950476145847509
4231,8.2151977548369
3488,0.8357953660517435
9054,8.20364716188056
9769,0.9130397463585183
3648,4.075791032912722
5903,8.816366168153682
6386,0.6939623272982689
5639,1.993553327079759
6424,13.763288358987806
7827,6.166074766248451
7744,15.048397484922377
3013,46.5258707571111
7672,9.276376201419227
9549,13.831891973660332
9978,5.960943578939041
3081,6.865273837418573
3521,2.3068790632774694
4979,0.8782206545223556
7620,12.21968046135443
4348,16.693763766947356
8441,0.5361221283413787
1347,7.315009129031409
7088,1.4624305741079413
8948,1.1904953911601277
5652,22.268295159361145
8082,1.7430793368858863
1792,3.082739239295412
7429,0.4033511508360739
9580,0.7567713489375407
9960,5.9304851073241664
2271,13.706578963154074
9767,1.0213367549366632
2956,10.764672848043396
3444,13.51102437709824
7736,1.9948069354685523
834,4.907626210157407
6499,16.226911477676882
2992,0.5950979737574305
7793,2.6073951685363737
2151,8.427819145788215
4023,9.962186387201063
7615,14.23672521224934
6124,2.5594430315594314
3339,30.022515363770157
4344,0.8591954096833954
4464,0.9933641463470038
2376,17.002169624599134
9044,1.8903946650337202
5571,5.103985258032826
8599,6.086825895255914
8504,15.27818058244948
8880,3.485950347510931
1887,49.561520277674006
1198,0.6382036349479944
6427,38.25230762028607
8911,1.0026915191992751
2936,0.7806647544771085
6342,2.8118526410598697
1430,15.92569936261639
6307,0.43377405115989776
3650,0.4705218272234216
1938,2.969033925719968
5172,1.2122834900513668
7764,1.5197826079785313
6393,10.086760283554876
1154,15.846461344934216
6250,1.6132246164190895
7037,0.8108047731665262
4229,6.274407713499296
4975,10.853714568609178
6401,6.057806670728131
3640,4.588082452434876
3972,65.48636371490893
9594,16.488704385548047
3376,17.507782263019763
2487,0.8119517779657179
6954,2.5526148976370298
606,2.4120020968734153
7444,2.4755436734408995
5928,58.715997518309514
2454,0.11345058542586188
3609,24.46808283786368
1484,1.2981636192240416
4519,5.694630458991847
3038,2.0600098103698627
9352,82.11257570435113
7692,1.5559109574084777
4116,1.0449281909057822
1427,8.1687451894892
497,1.0306130947739274
3353,1.496559176723635
8794,0.42260969979699303
759,0.9776305930330034
838,0.7357221747656528
4327,1.2156075734597775
2128,16.30396437608614
1023,7.201758715821968
8762,15.083533014456828
5614,0.6860725868645439
5581,1.1435653873971925
1058,1.6767081274807993
9542,3.6374395608303507
6856,11.903631926935216
7349,0.6398009200290333
9045,0.6747624014062074
2129,0.37998066808960795
2767,10.018415265190391
2109,9.149718156152439
3617,0.29189358936476645
1545,2.457319547812119
6914,0.21702015509377395
1719,27.36961157711989
7435,0.6430962846500131
7365,0.7952653532149531
6235,1.2951144871235525
725,12.307341723560434
6673,3.0815353667166328
8029,1.8606403867358359
5492,30.146824085181432
1128,4.8248212539815105
2957,0.34364736063866935
5156,0.5529291940636082
4817,2.53504421818503
6202,8.647546542102416
6224,10.570285451466038
8686,4.252903122527042
7114,0.8652526707571639
5275,2.4544583713935086
8536,1.1126371892899067
3044,11.942295194521323
6912,1.8651717495862232
150,0.4674122127540843
7574,3.2114800056315134
4206,1.080173787219824
5493,4.149622754279896
2690,1.3969589768133739
4221,1.3219709718145185
9102,1.4630872295338713
842,26.31489772545651
8137,1.0692000438191966
6438,1.4899326453070094
9700,10.066320472860998
6200,5.911441757235864
2795,0.7255183504517657
7626,1.714173986932268
8475,29.2784296422519
7890,21.22346216977089
6608,27.326592453385434
9195,4.893895493751287
8248,33.94797804721417
1393,0.29072730819538045
1922,0.2873244558420481
7019,0.4243237554893443
3622,0.8133002144937858
4849,3.1517307895079973
2292,0.9955450217457298
2134,2.3046064618623405
551,0.91330359897083
1741,0.9434129189160407
5290,2.0954898462930007
1818,0.977303657751796
4699,0.5784213438526493
5182,0.361324046855745
3019,6.429224140447164
18,7.790381737563847
1771,37.196722176903876
1889,3.7296886499954884
2153,19.186039776514214
1643,21.273066933927716
7847,0.2410111535226353
4194,1.8260666011089086
9433,26.865277745350962
8899,4.464179928473126
534,5.633223106880065
133,1.3124735886609518
7723,4.036423160672448
8459,9.785558740919075
965,0.7220987748191741
8720,6.551359335408513
6413,1.833770029468879
8286,1.5028980510356953
7854,5.982277553029943
1096,1.5650799218809122
6930,2.8406429636904007
